,0
"
너머 (The Other Side)
","

백예린 (Yerin Baek)


백예린 (Yerin Baek)
 "
"
사랑인가 봐
","
멜로망스(MeloMance)
"
"
INVU
","
태연 (TAEYEON)
"
"
RUN2U
","
STAYC(스테이씨)
"
"
듣고 싶을까
","
MSG워너비(M.O.M)
"
"
어제처럼
","
폴킴(Paul Kim)
"
"
내 생에 아름다운
","
이예준
"
"
존재만으로
","
원슈타인
"
"
SMILEY (Feat. BIBI)
","
YENA (최예나)
"
"
손을 잡는다거나, 같이 걷는다거나
","
적재
"
"
abcdefu
","
GAYLE
"
"
O.O
","
NMIXX
"
"
ELEVEN
","
IVE (아이브)
"
"
꽃말
","
카더가든
"
"
취중고백
","
김민석 (멜로망스)
"
"
Next Level
","
aespa
"
"
드라마
","
아이유(IU)
"
"
신호등
","
이무진
"
"
Stronger (What Doesn't Kill You)
","
Kelly Clarkson(켈리 클락슨)
"
"
사랑은 늘 도망가
","
임영웅
"
"
그래서 그래 (Feat. 윤하)
","
에픽하이 (EPIK HIGH)
"
"
Step Back
","
GOT the beat
"
"
그런 밤 (Some Nights)
","
태연 (TAEYEON)
"
"
Can't Control Myself
","
태연 (TAEYEON)
"
"
라일락
","
아이유(IU)
"
"
새벽을 믿지 말자
","

개코


개코
 "
"
Dynamite
","
방탄소년단
"
"
대낮에 한 이별
","

선예


선예
 "
"
Weekend
","
태연 (TAEYEON)
"
"
Savage
","
aespa
"
"
언제나 사랑해
","
케이시
"
"
Light Switch
","
Charlie Puth(찰리 푸스)
"
"
Dreams Come True
","
aespa
"
"
만남은 쉽고 이별은 어려워 (Feat. Leellamarz) (Prod. TOIL)
","
베이식(Basick)
"
"
Butter
","
방탄소년단
"
"
Celebrity
","
아이유(IU)
"
"
노래 (The Song)
","
비투비
"
"
Starlight
","
태일 (TAEIL)
"
"
다정히 내 이름을 부르면
","

경서예지


경서예지
 "
"
strawberry moon
","
아이유(IU)
"
"
STAY
","

The Kid LAROI


The Kid LAROI
 "
"
어른아이 (Toddler)
","
태연 (TAEYEON)
"
"
눈이 오잖아(Feat.헤이즈)
","
이무진
"
"
BOP BOP!
","
VIVIZ (비비지)
"
"
Christmas Tree
","
V
"
"
DM
","
프로미스나인
"
"
서랍
","
10CM
"
"
우리가 헤어져야 했던 이유
","
비비(BIBI)
"
"
회전목마 (Feat. Zion.T, 원슈타인) (Prod. Slom)
","
sokodomo
"
"
리무진 (Feat. MINO) (Prod. GRAY)
","
BE'O (비오)
"
"
너, 너 (N번째 연애 X 휘인 (Whee In))
","
휘인(Whee In)
"
"
Bad Habits
","
Ed Sheeran(에드 시런)
"
"
Permission to Dance
","
방탄소년단
"
"
Timeless
","
태연 (TAEYEON)
"
"
여름비
","
샘김(Sam Kim)
"
"
My Universe
","

Coldplay(콜드플레이)


Coldplay(콜드플레이)
 "
"
겨울잠
","
아이유(IU)
"
"
낙하 (with 아이유)
","
AKMU(악뮤)
"
"
문득
","
BE'O (비오)
"
"
Blueming
","
아이유(IU)
"
"
Counting Stars (Feat. Beenzino)
","
BE'O (비오)
"
"
아주, 천천히
","
비비(BIBI)
"
"
Set Myself On Fire
","
태연 (TAEYEON)
"
"
모든 날, 모든 순간 (Every day, Every Moment)
","
폴킴(Paul Kim)
"
"
너 아니면 안돼
","
먼데이 키즈(Monday Kiz)
"
"
바라만 본다
","
MSG워너비(M.O.M)
"
"
너를 생각해
","
주시크 (Joosiq)
"
"
Siren
","
태연 (TAEYEON)
"
"
Tiny Riot
","
Sam Ryder
"
"
Promise You
","
규현 (KYUHYUN)
"
"
Off My Face
","
Justin Bieber(저스틴 비버)
"
"
Stardust love song
","
지효 (TWICE)
"
"
다라리 (DARARI)
","
TREASURE(트레저)
"
"
You Better Not
","
태연 (TAEYEON)
"
"
네가 없는 밤 (Feat. ASH ISLAND) (Prod. GRAY)
","
BE'O (비오)
"
"
Go!
","
도겸 (SEVENTEEN)
"
"
WA DA DA
","
Kep1er (케플러)
"
"
잊을 수 있을까
","
노을
"
"
밤하늘의 별을(2020)
","
경서
"
"
이별후회
","
김나영
"
"
어떻게 이별까지 사랑하겠어, 널 사랑하는 거지
","
AKMU(악뮤)
"
"
너의 모든 순간
","
성시경
"
"
호랑수월가
","
탑현
"
"
Queendom
","
Red Velvet (레드벨벳)
"
"
OHAYO MY NIGHT
","

디핵(D-Hack)


디핵(D-Hack)
 "
"
너를 그리는 시간 (Drawing Our Moments)
","
태연 (TAEYEON)
"
"
Polaroid Love
","
ENHYPEN
"
"
[19금]
Peaches (feat. Daniel Caesar, Giveon)
","
Justin Bieber(저스틴 비버)
"
"
행운을 빌어 줘
","
원필(DAY6)
"
"
사랑한 후에
","
김기태
"
"
헤픈 우연
","
헤이즈(Heize)
"
"
너무 아픈 사랑은 사랑이 아니었음을
","
김기태
"
"
다시 사랑한다면 (김필 Ver.)
","
임영웅
"
"
Shape Of You
","
Ed Sheeran(에드 시런)
"
"
U
","
TREASURE(트레저)
"
"
Bye bye my blue
","
백예린 (Yerin Baek)
"
"
Thank You
","
비투비
"
"
잊었니
","
임영웅
"
"
Closer (feat. Halsey)
","
The Chainsmokers(체인스모커스)
"
"
Waiting On You
","
Josh Tobias(조쉬 토비아스)
"
